{"cameraMode":{"drawMode":0,"name":"Shaded","section":"Shading Mode"},"sceneLighting":false,"audioPlay":false,"sceneViewState":{"showFog":true,"showMaterialUpdate":false,"showSkybox":true,"showFlares":true,"showImageEffects":true,"showParticleSystems":true},"in2DMode":false,"pivot":{"x":3.299375295639038,"y":0.3425847291946411,"z":2.2180635929107668},"rotation":{"x":-0.15015052258968354,"y":0.048095397651195529,"z":-0.007307230029255152,"w":-0.9874775409698486},"size":5.316366672515869,"orthographic":false}